Data;Dose 1;Dose 2;Dose 3;Casos Totais;Casos Ativos;Óbitos;Casos Diários;Óbitos Diários
2020-05-19;0;0;0;67;39;3;0;0
2020-05-20;0;0;0;77;49;3;10;0
2020-05-21;0;0;0;83;45;4;6;1
2020-05-22;0;0;0;95;57;4;12;0
2020-05-23;0;0;0;95;57;4;0;0
2020-05-24;0;0;0;95;57;4;0;0
2020-05-25;0;0;0;110;62;4;15;0
2020-05-26;0;0;0;110;57;4;0;0
2020-05-27;0;0;0;127;66;6;17;2
2020-05-28;0;0;0;140;77;7;13;1
2020-05-29;0;0;0;146;82;7;6;0
2020-05-30;0;0;0;146;82;7;0;0
2020-05-31;0;0;0;146;82;7;0;0
2020-06-01;0;0;0;161;78;7;15;0
2020-06-02;0;0;0;181;97;8;20;1
2020-06-03;0;0;0;195;103;9;14;1
2020-06-04;0;0;0;212;119;9;17;0
2020-06-05;0;0;0;223;117;10;11;1
2020-06-06;0;0;0;223;117;10;0;0
2020-06-07;0;0;0;223;117;10;0;0
2020-06-08;0;0;0;239;105;11;16;1
2020-06-09;0;0;0;262;126;11;23;0
2020-06-10;0;0;0;272;136;11;10;0
2020-06-11;0;0;0;299;152;11;27;0
2020-06-12;0;0;0;328;155;11;29;0
2020-06-13;0;0;0;328;155;11;0;0
2020-06-14;0;0;0;328;155;11;0;0
2020-06-15;0;0;0;343;155;12;15;1
2020-06-16;0;0;0;365;164;13;22;1
2020-06-17;0;0;0;391;169;16;26;3
2020-06-18;0;0;0;423;181;17;32;1
2020-06-19;0;0;0;469;218;17;46;0
2020-06-20;0;0;0;469;218;17;0;0
2020-06-21;0;0;0;469;218;17;0;0
2020-06-22;0;0;0;495;231;20;26;3
2020-06-23;0;0;0;525;232;20;30;0
2020-06-24;0;0;0;564;270;20;39;0
2020-06-25;0;0;0;628;270;21;64;1
2020-06-26;0;0;0;683;323;22;55;1
2020-06-27;0;0;0;683;323;22;0;0
2020-06-28;0;0;0;683;323;22;0;0
2020-06-29;0;0;0;747;380;22;64;0
2020-06-30;0;0;0;765;385;24;18;2
2020-07-01;0;0;0;826;445;25;61;1
2020-07-02;0;0;0;906;524;26;80;1
2020-07-03;0;0;0;985;598;31;79;5
2020-07-04;0;0;0;985;598;31;0;0
2020-07-05;0;0;0;985;598;31;0;0
2020-07-06;0;0;0;1010;559;36;25;5
2020-07-07;0;0;0;1072;578;37;62;1
2020-07-08;0;0;0;1081;522;37;9;0
2020-07-09;0;0;0;1117;489;37;36;0
2020-07-10;0;0;0;1139;558;37;22;0
2020-07-11;0;0;0;1139;558;37;0;0
2020-07-12;0;0;0;1139;558;37;0;0
2020-07-13;0;0;0;1225;213;39;86;2
2020-07-14;0;0;0;1269;231;40;44;1
2020-07-15;0;0;0;1308;235;43;39;3
2020-07-16;0;0;0;1342;244;43;34;0
2020-07-17;0;0;0;1379;238;45;37;2
2020-07-18;0;0;0;1379;238;45;0;0
2020-07-19;0;0;0;1379;238;45;0;0
2020-07-20;0;0;0;1403;189;48;24;3
2020-07-21;0;0;0;1425;187;48;22;0
2020-07-22;0;0;0;1509;239;49;84;1
2020-07-23;0;0;0;1551;248;49;42;0
2020-07-24;0;0;0;1582;246;50;31;1
2020-07-25;0;0;0;1582;246;50;0;0
2020-07-26;0;0;0;1582;246;50;0;0
2020-07-27;0;0;0;1621;167;52;39;2
2020-07-28;0;0;0;1688;204;54;67;2
2020-07-29;0;0;0;1720;202;54;32;0
2020-07-30;0;0;0;1799;221;55;79;1
2020-07-31;0;0;0;1827;208;56;28;1
2020-08-01;0;0;0;1827;208;56;0;0
2020-08-02;0;0;0;1827;208;56;0;0
2020-08-03;0;0;0;1845;151;56;18;0
2020-08-04;0;0;0;1894;181;56;49;0
2020-08-05;0;0;0;1933;167;56;39;0
2020-08-06;0;0;0;1950;162;56;17;0
2020-08-07;0;0;0;1962;154;56;12;0
2020-08-08;0;0;0;1962;154;56;0;0
2020-08-09;0;0;0;1962;154;56;0;0
2020-08-10;0;0;0;1994;132;59;32;3
2020-08-11;0;0;0;2035;149;60;41;1
2020-08-12;0;0;0;2060;143;60;25;0
2020-08-13;0;0;0;2083;146;61;23;1
2020-08-14;0;0;0;2095;144;61;12;0
2020-08-15;0;0;0;2095;144;61;0;0
2020-08-16;0;0;0;2095;144;61;0;0
2020-08-17;0;0;0;2108;106;62;13;1
2020-08-18;0;0;0;2146;124;62;38;0
2020-08-19;0;0;0;2174;125;65;28;3
2020-08-20;0;0;0;2205;144;65;31;0
2020-08-21;0;0;0;2221;148;65;16;0
2020-08-22;0;0;0;2221;148;65;0;0
2020-08-23;0;0;0;2221;148;65;0;0
2020-08-24;0;0;0;2231;112;65;10;0
2020-08-25;0;0;0;2250;113;66;19;1
2020-08-26;0;0;0;2289;114;66;39;0
2020-08-27;0;0;0;2317;117;67;28;1
2020-08-28;0;0;0;2344;128;67;27;0
2020-08-29;0;0;0;2344;128;67;0;0
2020-08-30;0;0;0;2344;128;67;0;0
2020-08-31;0;0;0;2358;91;68;14;1
2020-09-01;0;0;0;2418;123;68;60;0
2020-09-02;0;0;0;2454;126;69;36;1
2020-09-03;0;0;0;2481;131;69;27;0
2020-09-04;0;0;0;2495;128;69;14;0
2020-09-05;0;0;0;2495;128;69;0;0
2020-09-06;0;0;0;2495;128;69;0;0
2020-09-07;0;0;0;2495;128;69;0;0
2020-09-08;0;0;0;2532;93;69;37;0
2020-09-09;0;0;0;2571;115;69;39;0
2020-09-10;0;0;0;2641;146;70;70;1
2020-09-11;0;0;0;2665;143;70;24;0
2020-09-12;0;0;0;2665;143;70;0;0
2020-09-13;0;0;0;2665;143;70;0;0
2020-09-14;0;0;0;2710;127;73;45;3
2020-09-15;0;0;0;2725;131;73;15;0
2020-09-16;0;0;0;2760;137;73;35;0
2020-09-17;0;0;0;2792;140;75;32;2
2020-09-18;0;0;0;2835;159;75;43;0
2020-09-19;0;0;0;2835;159;75;0;0
2020-09-20;0;0;0;2835;159;75;0;0
2020-09-21;0;0;0;2850;110;75;15;0
2020-09-22;0;0;0;2881;125;75;31;0
2020-09-23;0;0;0;2912;134;75;31;0
2020-09-24;0;0;0;2938;131;75;26;0
2020-09-25;0;0;0;2956;133;75;18;0
2020-09-26;0;0;0;2956;133;75;0;0
2020-09-27;0;0;0;2956;133;75;0;0
2020-09-28;0;0;0;2991;99;76;35;1
2020-09-29;0;0;0;3040;121;77;49;1
2020-09-30;0;0;0;3050;114;77;10;0
2020-10-01;0;0;0;3086;132;77;36;0
2020-10-02;0;0;0;3114;129;77;28;0
2020-10-03;0;0;0;3114;129;77;0;0
2020-10-04;0;0;0;3114;129;77;0;0
2020-10-05;0;0;0;3121;93;77;7;0
2020-10-06;0;0;0;3130;90;78;9;1
2020-10-07;0;0;0;3153;84;78;23;0
2020-10-08;0;0;0;3210;106;78;57;0
2020-10-09;0;0;0;3234;112;78;24;0
2020-10-10;0;0;0;3234;112;78;0;0
2020-10-11;0;0;0;3234;112;78;0;0
2020-10-12;0;0;0;3234;112;78;0;0
2020-10-13;0;0;0;3247;82;78;13;0
2020-10-14;0;0;0;3269;89;79;22;1
2020-10-15;0;0;0;3301;104;80;32;1
2020-10-16;0;0;0;3318;103;80;17;0
2020-10-17;0;0;0;3318;103;80;0;0
2020-10-18;0;0;0;3318;103;80;0;0
2020-10-19;0;0;0;3323;75;80;5;0
2020-10-20;0;0;0;3362;113;81;39;1
2020-10-21;0;0;0;3390;91;81;28;0
2020-10-22;0;0;0;3411;94;81;21;0
2020-10-23;0;0;0;3415;94;81;4;0
2020-10-24;0;0;0;3415;94;81;0;0
2020-10-25;0;0;0;3415;94;81;0;0
2020-10-26;0;0;0;3419;64;81;4;0
2020-10-27;0;0;0;3452;90;82;33;1
2020-10-28;0;0;0;3484;104;84;32;2
2020-10-29;0;0;0;3502;104;84;18;0
2020-10-30;0;0;0;3502;104;84;0;0
2020-10-31;0;0;0;3502;104;84;0;0
2020-11-01;0;0;0;3502;104;84;0;0
2020-11-02;0;0;0;3502;104;84;0;0
2020-11-03;0;0;0;3518;80;84;16;0
2020-11-04;0;0;0;3558;92;85;40;1
2020-11-05;0;0;0;3585;117;85;27;0
2020-11-06;0;0;0;3595;111;85;10;0
2020-11-07;0;0;0;3595;111;85;0;0
2020-11-08;0;0;0;3595;111;85;0;0
2020-11-09;0;0;0;3604;95;85;9;0
2020-11-10;0;0;0;3633;107;85;29;0
2020-11-11;0;0;0;3659;115;87;26;2
2020-11-12;0;0;0;3677;122;87;18;0
2020-11-13;0;0;0;3685;118;87;8;0
2020-11-14;0;0;0;3685;118;87;0;0
2020-11-15;0;0;0;3685;118;87;0;0
2020-11-16;0;0;0;3695;97;87;10;0
2020-11-17;0;0;0;3756;135;88;61;1
2020-11-18;0;0;0;3781;139;88;25;0
2020-11-19;0;0;0;3811;153;88;30;0
2020-11-20;0;0;0;3822;147;88;11;0
2020-11-21;0;0;0;3822;147;88;0;0
2020-11-22;0;0;0;3822;147;88;0;0
2020-11-23;0;0;0;3838;104;88;16;0
2020-11-24;0;0;0;3856;103;90;18;2
2020-11-25;0;0;0;3896;126;90;40;0
2020-11-26;0;0;0;3912;116;91;16;1
2020-11-27;0;0;0;3924;118;91;12;0
2020-11-28;0;0;0;3924;118;91;0;0
2020-11-29;0;0;0;3924;118;91;0;0
2020-11-30;0;0;0;3986;134;92;62;1
2020-12-01;0;0;0;4004;123;92;18;0
2020-12-02;0;0;0;4060;149;93;56;1
2020-12-03;0;0;0;4091;156;93;31;0
2020-12-04;0;0;0;4131;172;93;40;0
2020-12-05;0;0;0;4131;172;93;0;0
2020-12-06;0;0;0;4131;172;93;0;0
2020-12-07;0;0;0;4148;136;93;17;0
2020-12-08;0;0;0;4205;145;93;57;0
2020-12-09;0;0;0;4265;141;94;60;1
2020-12-10;0;0;0;4369;151;94;104;0
2020-12-11;0;0;0;4444;199;94;75;0
2020-12-12;0;0;0;4444;199;94;0;0
2020-12-13;0;0;0;4444;199;94;0;0
2020-12-14;0;0;0;4511;147;94;67;0
2020-12-15;0;0;0;4598;183;95;87;1
2020-12-16;0;0;0;4625;165;95;27;0
2020-12-17;0;0;0;4692;197;95;67;0
2020-12-18;0;0;0;4751;203;95;59;0
2020-12-19;0;0;0;4751;203;95;0;0
2020-12-20;0;0;0;4751;203;95;0;0
2020-12-21;0;0;0;4812;181;98;61;3
2020-12-22;0;0;0;4877;205;98;65;0
2020-12-23;0;0;0;4940;193;100;63;2
2020-12-24;0;0;0;4940;193;100;0;0
2020-12-25;0;0;0;4940;193;100;0;0
2020-12-26;0;0;0;4940;193;100;0;0
2020-12-27;0;0;0;4940;193;100;0;0
2020-12-28;0;0;0;5078;114;106;138;6
2020-12-29;0;0;0;5121;114;107;43;1
2020-12-30;0;0;0;5207;115;109;86;2
2020-12-31;0;0;0;5207;115;109;0;0
2021-01-01;0;0;0;5207;115;109;0;0
2021-01-02;0;0;0;5207;115;109;0;0
2021-01-03;0;0;0;5207;115;109;0;0
2021-01-04;0;0;0;5281;79;109;74;0
2021-01-05;0;0;0;5329;84;109;48;0
2021-01-06;0;0;0;5505;176;111;176;2
2021-01-07;0;0;0;5662;228;112;157;1
2021-01-08;0;0;0;5757;257;112;95;0
2021-01-09;0;0;0;5757;257;112;0;0
2021-01-10;0;0;0;5757;257;112;0;0
2021-01-11;0;0;0;5878;204;112;121;0
2021-01-12;0;0;0;5996;271;112;118;0
2021-01-13;0;0;0;6115;274;112;119;0
2021-01-14;0;0;0;6218;298;116;103;4
2021-01-15;0;0;0;6273;282;116;55;0
2021-01-16;0;0;0;6273;282;116;0;0
2021-01-17;0;0;0;6273;282;116;0;0
2021-01-18;0;0;0;6324;264;117;51;1
2021-01-19;0;0;0;6440;329;124;116;7
2021-01-20;2;0;0;6492;314;124;52;0
2021-01-21;569;0;0;6536;313;124;44;0
2021-01-22;765;0;0;6603;339;125;67;1
2021-01-23;765;0;0;6603;339;125;0;0
2021-01-24;765;0;0;6603;339;125;0;0
2021-01-25;1279;0;0;6644;250;125;41;0
2021-01-26;1424;0;0;6678;254;127;34;2
2021-01-27;1776;0;0;6771;296;127;93;0
2021-01-28;2494;0;0;6832;300;130;61;3
2021-01-29;2494;0;0;6871;287;131;39;1
2021-01-30;2495;0;0;6871;287;131;0;0
2021-01-31;2496;0;0;6871;287;131;0;0
2021-02-01;2635;0;0;6884;194;132;13;1
2021-02-02;2608;0;0;6914;199;134;30;2
2021-02-03;3635;0;0;6953;208;136;39;2
2021-02-04;4005;0;0;6993;194;140;40;4
2021-02-05;4075;0;0;7010;191;142;17;2
2021-02-06;4075;0;0;7010;191;142;0;0
2021-02-07;4075;0;0;7010;191;142;0;0
2021-02-08;4075;114;0;7061;162;142;51;0
2021-02-09;4075;253;0;7082;167;143;21;1
2021-02-10;4075;786;0;7115;176;143;33;0
2021-02-11;4076;1800;0;7156;198;143;41;0
2021-02-12;4076;2243;0;7165;180;144;9;1
2021-02-13;4076;2243;0;7165;180;144;0;0
2021-02-14;4076;2243;0;7165;180;144;0;0
2021-02-15;4076;2243;0;7165;180;144;0;0
2021-02-16;4076;2243;0;7165;180;144;0;0
2021-02-17;4076;2243;0;7180;112;146;15;2
2021-02-18;4616;2422;0;7194;133;150;14;4
2021-02-19;5004;2478;0;7242;145;150;48;0
2021-02-20;5004;2478;0;7242;145;150;0;0
2021-02-21;5004;2478;0;7242;145;150;0;0
2021-02-22;5045;2578;0;7266;123;150;24;0
2021-02-23;5045;2578;0;7277;117;151;11;1
2021-02-24;5045;2578;0;7313;142;151;36;0
2021-02-25;5045;2588;0;7326;138;151;13;0
2021-02-26;5047;2722;0;7356;153;151;30;0
2021-02-27;5047;2722;0;7356;153;151;0;0
2021-02-28;5047;2722;0;7356;153;151;0;0
2021-03-01;5061;2878;0;7377;139;151;21;0
2021-03-02;5061;2878;0;7407;155;151;30;0
2021-03-03;5371;2888;0;7431;166;151;24;0
2021-03-04;5483;3084;0;7444;159;152;13;1
2021-03-05;5862;3319;0;7452;154;152;8;0
2021-03-06;5862;3319;0;7452;154;152;0;0
2021-03-07;5862;3319;0;7452;154;152;0;0
2021-03-08;5872;3358;0;7464;136;153;12;1
2021-03-09;6014;3489;0;7493;124;153;29;0
2021-03-10;6257;3514;0;7514;126;153;21;0
2021-03-11;6649;3521;0;7523;120;153;9;0
2021-03-12;6649;3521;0;7544;128;153;21;0
2021-03-13;6649;3521;0;7544;128;153;0;0
2021-03-14;6649;3521;0;7544;128;153;0;0
2021-03-15;6738;3544;0;7575;111;153;31;0
2021-03-16;6763;3577;0;7657;167;154;82;1
2021-03-17;7269;3614;0;7663;158;155;6;1
2021-03-18;7633;3622;0;7698;167;156;35;1
2021-03-19;7637;3929;0;7786;213;156;88;0
2021-03-20;7637;3929;0;7786;213;156;0;0
2021-03-21;7637;3929;0;7786;213;156;0;0
2021-03-22;7820;4029;0;7815;170;156;29;0
2021-03-23;7879;4144;0;7852;184;156;37;0
2021-03-24;8480;4203;0;7893;194;157;41;1
2021-03-25;8749;4306;0;7919;172;158;26;1
2021-03-26;9229;4615;0;7945;172;159;26;1
2021-03-27;9229;4615;0;7945;172;159;0;0
2021-03-28;9229;4615;0;7945;172;159;0;0
2021-03-29;10192;4625;0;8004;164;161;59;2
2021-03-30;10321;4948;0;8053;186;166;49;5
2021-03-31;10602;5329;0;8085;191;169;32;3
2021-04-01;11251;5362;0;8132;206;173;47;4
2021-04-02;11251;5362;0;8132;206;173;0;0
2021-04-03;11251;5362;0;8132;206;173;0;0
2021-04-04;11251;5362;0;8132;206;173;0;0
2021-04-05;11256;5504;0;8239;183;173;107;0
2021-04-06;11256;5504;0;8284;198;176;45;3
2021-04-07;11987;6103;0;8420;270;179;136;3
2021-04-08;13077;6332;0;8496;279;180;76;1
2021-04-09;13426;7076;0;8522;272;183;26;3
2021-04-10;13426;7076;0;8522;272;183;0;0
2021-04-11;13426;7076;0;8522;272;183;0;0
2021-04-12;14780;7602;0;8560;216;187;38;4
2021-04-13;15967;8193;0;8614;247;189;54;2
2021-04-14;16828;8212;0;8649;259;193;35;4
2021-04-15;17806;8823;0;8680;263;195;31;2
2021-04-16;17806;8823;0;8724;271;196;44;1
2021-04-17;17806;8823;0;8724;271;196;0;0
2021-04-18;17806;8823;0;8724;271;196;0;0
2021-04-19;18662;8833;0;8743;206;201;19;5
2021-04-20;18664;9316;0;8775;219;205;32;4
2021-04-21;18664;9316;0;8775;219;205;0;0
2021-04-22;19578;9316;0;8802;218;205;27;0
2021-04-23;20802;10547;0;8847;211;207;45;2
2021-04-24;20802;10547;0;8847;211;207;0;0
2021-04-25;20802;10547;0;8847;211;207;0;0
2021-04-26;20802;10547;0;8885;188;208;38;1
2021-04-27;20802;10547;0;8921;172;215;36;7
2021-04-28;21210;11484;0;8949;181;215;28;0
2021-04-29;21270;11701;0;8983;182;217;34;2
2021-04-30;21270;11701;0;9000;177;220;17;3
2021-05-01;21270;11701;0;9000;177;220;0;0
2021-05-02;21270;11701;0;9000;177;220;0;0
2021-05-03;21331;11804;0;9004;125;220;4;0
2021-05-04;22639;12148;0;9009;125;220;5;0
2021-05-05;22776;12159;0;9010;125;220;1;0
2021-05-06;22805;12159;0;9056;137;220;46;0
2021-05-07;22832;12205;0;9089;153;220;33;0
2021-05-08;22832;12205;0;9089;153;220;0;0
2021-05-09;22832;12205;0;9089;153;220;0;0
2021-05-10;22854;12208;0;9104;122;222;15;2
2021-05-11;22854;12208;0;9104;122;222;0;0
2021-05-12;23510;12245;0;9143;124;227;39;5
2021-05-13;23840;12915;0;9174;150;227;31;0
2021-05-14;24023;12949;0;9200;172;227;26;0
2021-05-15;24023;12949;0;9200;172;227;0;0
2021-05-16;24023;12949;0;9200;172;227;0;0
2021-05-17;24539;12956;0;9212;159;229;12;2
2021-05-18;25047;12966;0;9245;169;231;33;2
2021-05-19;25107;14925;0;9304;217;233;59;2
2021-05-20;25677;15254;0;9348;236;236;44;3
2021-05-21;26219;15254;0;9393;263;237;45;1
2021-05-22;26219;15254;0;9393;263;237;0;0
2021-05-23;26219;15254;0;9393;263;237;0;0
2021-05-24;26219;15254;0;9455;244;237;62;0
2021-05-25;26219;15254;0;9455;244;237;0;0
2021-05-26;28305;15857;0;9542;291;240;87;3
2021-05-27;29037;15860;0;9546;254;242;4;2
2021-05-28;29800;15988;0;9555;238;243;9;1
2021-05-29;29800;15988;0;9555;238;243;0;0
2021-05-30;29800;15988;0;9555;238;243;0;0
2021-05-31;30656;16279;0;9601;210;246;46;3
2021-06-01;30962;16312;0;9644;234;246;43;0
2021-06-02;31385;16619;0;9698;278;247;54;1
2021-06-03;31385;16619;0;9698;278;247;0;0
2021-06-04;31592;16619;0;9755;284;248;57;1
2021-06-05;31592;16619;0;9755;284;248;0;0
2021-06-06;31592;16619;0;9755;284;248;0;0
2021-06-07;32213;16639;0;9798;260;249;43;1
2021-06-08;32844;16684;0;9810;251;253;12;4
2021-06-09;33254;16685;0;9838;279;253;28;0
2021-06-10;33778;16685;0;9870;287;253;32;0
2021-06-11;34011;16686;0;9897;279;254;27;1
2021-06-12;34011;16686;0;9897;279;254;0;0
2021-06-13;34011;16686;0;9897;279;254;0;0
2021-06-14;34499;16686;0;9921;226;254;24;0
2021-06-15;35665;16746;0;9944;238;254;23;0
2021-06-16;36450;16750;0;10007;261;255;63;1
2021-06-17;37602;16755;0;10058;266;257;51;2
2021-06-18;38501;16755;0;10118;268;257;60;0
2021-06-19;38501;16755;0;10118;268;257;0;0
2021-06-20;38501;16755;0;10118;268;257;0;0
2021-06-21;39777;16755;0;10160;243;262;42;5
2021-06-22;41033;16763;0;10186;228;262;26;0
2021-06-23;41976;16763;0;10219;243;267;33;5
2021-06-24;43273;16763;0;10279;267;270;60;3
2021-06-25;44627;16789;0;10319;270;270;40;0
2021-06-26;44627;16789;0;10319;270;270;0;0
2021-06-27;44627;16789;0;10319;270;270;0;0
2021-06-28;45249;16789;0;10369;257;270;50;0
2021-06-29;45249;16789;0;10369;257;270;0;0
2021-06-30;46001;16987;0;10412;261;271;43;1
2021-07-01;47054;17013;0;10462;276;272;50;1
2021-07-02;47843;17017;0;10485;272;273;23;1
2021-07-03;47843;17017;0;10485;272;273;0;0
2021-07-04;47843;17017;0;10485;272;273;0;0
2021-07-05;48699;17307;0;10537;239;273;52;0
2021-07-06;49434;18315;0;10557;235;274;20;1
2021-07-07;49899;19254;0;10587;239;276;30;2
2021-07-08;50758;19687;0;10607;236;276;20;0
2021-07-09;51211;20400;0;10618;230;277;11;1
2021-07-10;51211;20400;0;10618;230;277;0;0
2021-07-11;51211;20400;0;10618;230;277;0;0
2021-07-12;52391;21961;0;10645;200;277;27;0
2021-07-13;52867;22901;0;10666;208;279;21;2
2021-07-14;54997;23827;0;10695;222;279;29;0
2021-07-15;55728;24078;0;10730;234;281;35;2
2021-07-16;56730;24414;0;10751;229;281;21;0
2021-07-17;56730;24414;0;10751;229;281;0;0
2021-07-18;56730;24414;0;10751;229;281;0;0
2021-07-19;56730;24414;0;10788;222;281;37;0
2021-07-20;57263;24962;0;10829;251;282;41;1
2021-07-21;57964;25247;0;10856;263;283;27;1
2021-07-22;58187;25830;0;10893;280;283;37;0
2021-07-23;58841;26251;0;10918;290;283;25;0
2021-07-24;58841;26251;0;10918;290;283;0;0
2021-07-25;58841;26251;0;10918;290;283;0;0
2021-07-26;60518;26416;0;10961;259;284;43;1
2021-07-27;61445;26522;0;10977;242;284;16;0
2021-07-28;61840;26593;0;11033;283;287;56;3
2021-07-29;61963;26593;0;11065;284;289;32;2
2021-07-30;61991;26599;0;11084;279;289;19;0
2021-07-31;61991;26599;0;11084;279;289;0;0
2021-08-01;61991;26599;0;11084;279;289;0;0
2021-08-02;62767;27137;0;11123;243;291;39;2
2021-08-03;62981;27385;0;11169;244;292;46;1
2021-08-04;63071;27832;0;11189;199;292;20;0
2021-08-05;63839;28214;0;11222;164;293;33;1
2021-08-06;64697;28713;0;11234;126;293;12;0
2021-08-07;64697;28713;0;11234;126;293;0;0
2021-08-08;64697;28713;0;11234;126;293;0;0
2021-08-09;64924;29314;0;11254;102;293;20;0
2021-08-10;65751;30300;0;11271;96;297;17;4
2021-08-11;66554;30603;0;11285;89;298;14;1
2021-08-12;67470;31072;0;11297;86;298;12;0
2021-08-13;68409;31325;0;11318;85;299;21;1
2021-08-14;68409;31325;0;11318;85;299;0;0
2021-08-15;68409;31325;0;11318;85;299;0;0
2021-08-16;68636;31832;0;11338;68;299;20;0
2021-08-17;68984;32798;0;11363;71;300;25;1
2021-08-18;69716;33471;0;11379;73;301;16;1
2021-08-19;70582;33698;0;11401;87;301;22;0
2021-08-20;70908;33820;0;11409;77;301;8;0
2021-08-21;70908;33820;0;11409;77;301;0;0
2021-08-22;70908;33820;0;11409;77;301;0;0
2021-08-23;70908;33820;0;11409;77;301;0;0
2021-08-24;70908;33820;0;11409;77;301;0;0
2021-08-25;70908;33820;0;11409;77;301;0;0
2021-08-26;70908;33820;0;11409;77;301;0;0
2021-08-27;70908;33820;0;11409;77;301;0;0
2021-08-28;70908;33820;0;11409;77;301;0;0
2021-08-29;70908;33820;0;11409;77;301;0;0
2021-08-30;75385;37417;0;11487;50;303;78;2
2021-08-31;75577;37947;0;11510;58;305;23;2
2021-09-01;75811;38160;0;11541;62;306;31;1
2021-09-02;75999;38374;0;11568;83;306;27;0
2021-09-03;76172;38514;0;11574;75;306;6;0
2021-09-04;76172;38514;0;11574;75;306;0;0
2021-09-05;76172;38514;0;11574;75;306;0;0
2021-09-06;76172;38514;0;11574;75;306;0;0
2021-09-07;76172;38514;0;11574;75;306;0;0
2021-09-08;76172;38514;0;11574;75;306;0;0
2021-09-09;76259;40407;0;11622;70;306;48;0
2021-09-10;76437;41764;0;11627;63;306;5;0
2021-09-11;76437;41764;0;11627;63;306;0;0
2021-09-12;76437;41764;0;11627;63;306;0;0
2021-09-13;76498;42842;0;11632;48;307;5;1
2021-09-14;76556;43140;0;11680;63;309;48;2
2021-09-15;76605;43522;0;11690;58;310;10;1
2021-09-16;76662;44203;0;11696;59;310;6;0
2021-09-17;76728;45026;0;11710;64;310;14;0
2021-09-18;76728;45026;0;11710;64;310;0;0
2021-09-19;76728;45026;0;11710;64;310;0;0
2021-09-20;76768;45374;0;11725;54;311;15;1
2021-09-21;76833;45769;0;11736;53;311;11;0
2021-09-22;76898;46169;0;11762;66;311;26;0
2021-09-23;79170;47735;0;11770;71;312;8;1
2021-09-24;81895;48126;0;11775;52;313;5;1
2021-09-25;81895;48126;0;11775;52;313;0;0
2021-09-26;81895;48126;0;11775;52;313;0;0
2021-09-27;81895;49050;0;11783;28;313;8;0
2021-09-28;82696;49479;0;11795;33;313;12;0
2021-09-29;83073;49887;0;11809;40;314;14;1
2021-09-30;83305;50671;0;11814;38;314;5;0
2021-10-01;83455;51067;0;11818;35;315;4;1
2021-10-02;83455;51067;0;11818;35;315;0;0
2021-10-03;83455;51067;0;11818;35;315;0;0
2021-10-04;83610;51399;0;11825;24;315;7;0
2021-10-05;83677;51613;0;11836;24;315;11;0
2021-10-06;83748;52467;0;11838;19;315;2;0
2021-10-07;83828;53060;0;11841;20;315;3;0
2021-10-08;83888;53439;0;11846;18;315;5;0
2021-10-09;83888;53439;0;11846;18;315;0;0
2021-10-10;83888;53439;0;11846;18;315;0;0
2021-10-11;83927;53728;0;11850;15;315;4;0
2021-10-12;83927;53728;0;11850;15;315;0;0
2021-10-13;83980;55009;0;11850;9;315;0;0
2021-10-14;83993;55126;0;11854;13;315;4;0
2021-10-15;84022;56368;1921;11858;13;315;4;0
2021-10-16;84022;56368;1921;11858;13;315;0;0
2021-10-17;84022;56368;1921;11858;13;315;0;0
2021-10-18;84049;56486;2078;11859;6;315;1;0
2021-10-19;84059;56910;2239;11860;6;316;1;1
2021-10-20;84131;57483;2467;11860;4;316;0;0
2021-10-21;84149;57664;3262;11863;7;316;3;0
2021-10-22;84179;57949;3674;11864;8;316;1;0
2021-10-23;84179;57949;3674;11864;8;316;0;0
2021-10-24;84179;57949;3674;11864;8;316;0;0
2021-10-25;84191;58139;3865;11867;8;316;3;0
2021-10-25;84191;58139;5629;11867;8;316;0;0
2021-10-26;84208;58324;4689;11869;10;316;2;0
2021-10-26;84208;58324;4689;11869;10;316;0;0
2021-10-27;84226;59297;5010;11870;10;316;1;0
2021-10-27;84226;59297;5010;11870;10;316;0;0
2021-10-28;84248;59439;5253;11871;10;316;1;0
2021-10-28;84248;59439;5253;11871;10;316;0;0
2021-10-29;84278;59718;5438;11874;11;316;3;0
2021-10-29;84278;59718;5438;11874;11;316;0;0
2021-10-30;84278;59718;5438;11874;11;316;0;0
2021-10-31;84278;59718;5438;11874;11;316;0;0
2021-11-01;84278;59718;5438;11874;11;316;0;0
2021-11-02;84278;59718;5438;11874;11;316;0;0
2021-11-03;84332;60060;5629;11875;4;316;1;0
2021-11-04;84376;60287;5771;11876;4;316;1;0
2021-11-05;84439;64812;5901;11878;4;317;2;1
2021-11-06;84439;64812;5901;11878;4;317;0;0
2021-11-07;84439;64812;5901;11878;4;317;0;0
2021-11-08;84439;65541;7161;11878;2;317;0;0
2021-11-09;84439;66218;7446;11881;3;317;3;0
2021-11-10;84439;66702;7652;11883;4;317;2;0
2021-11-11;84439;67218;7833;11883;4;318;0;1
2021-11-12;84439;67485;8020;11884;4;318;1;0
2021-11-13;84439;67485;8020;11884;4;318;0;0
2021-11-14;84439;67485;8020;11884;4;318;0;0
2021-11-15;84439;67485;8020;11884;4;318;0;0
2021-11-16;84439;67700;8195;11884;5;318;0;0
2021-11-17;84439;68028;8348;11889;5;318;5;0
2021-11-18;84439;68323;8764;11889;5;318;0;0
2021-11-19;84439;70236;9170;11889;5;318;0;0
2021-11-20;84439;70236;9170;11889;5;318;0;0
2021-11-21;84439;70236;9170;11889;5;318;0;0
2021-11-22;84439;72542;9515;11889;3;318;0;0
2021-11-23;84439;73634;10063;11889;2;318;0;0
2021-11-24;84439;74154;10389;11890;3;318;1;0
2021-11-25;84439;74288;10635;11890;3;318;0;0
2021-11-26;84439;74796;10694;11890;2;318;0;0
2021-11-27;84439;74796;10694;11890;2;318;0;0
2021-11-28;84439;74796;10694;11890;2;318;0;0
2021-11-29;84439;75154;10979;11891;1;318;1;0
2021-11-30;84439;75467;11156;11892;2;318;1;0
2021-12-01;84439;75734;11299;11892;2;318;0;0
2021-12-02;84439;75977;11463;11892;2;318;0;0
2021-12-03;84442;76129;11595;11892;1;318;0;0
2021-12-04;84442;76129;11595;11892;1;318;0;0
2021-12-05;84442;76129;11595;11892;1;318;0;0
2021-12-06;84446;76360;11855;11892;1;318;0;0
2021-12-07;84447;76556;12037;11896;2;318;4;0
2021-12-08;84500;76730;12315;11896;2;318;0;0
2021-12-09;84501;76862;12601;11896;2;318;0;0
2021-12-10;84501;77012;12819;11896;2;318;0;0
2021-12-11;84501;77012;12819;11896;2;318;0;0
2021-12-12;84501;77012;12819;11896;2;318;0;0
2021-12-13;84504;77171;13024;11896;2;318;0;0
2021-12-14;84507;77298;13240;11896;2;318;0;0
2021-12-15;84507;77441;13487;11896;2;318;0;0
2021-12-16;84511;77523;13734;11898;2;318;2;0
2021-12-17;84523;77644;13941;11897;1;318;-1;0
2021-12-18;84523;77644;13941;11897;1;318;0;0
2021-12-19;84523;77644;13941;11897;1;318;0;0
2021-12-20;84538;77697;14132;11897;1;318;0;0
2021-12-20;84538;77697;15968;11897;1;318;0;0
2021-12-21;84538;77781;14333;11897;1;318;0;0
2021-12-21;84538;77781;14333;11897;1;318;0;0
2021-12-22;84538;78030;14590;11897;1;318;0;0
2021-12-22;84538;78030;14590;11897;1;318;0;0
2021-12-23;84538;78128;15534;11897;1;318;0;0
2021-12-23;84538;78128;15534;11897;1;318;0;0
2021-12-24;84538;78128;15534;11897;1;318;0;0
2021-12-25;84538;78128;15534;11897;1;318;0;0
2021-12-26;84538;78128;15534;11897;1;318;0;0
2021-12-27;84538;78194;15968;11897;1;318;0;0
2021-12-28;84538;78273;16276;11897;1;318;0;0
2021-12-29;84538;78373;16670;11897;1;318;0;0
2021-12-30;84538;78373;16670;11897;1;318;0;0
2021-12-31;84538;78373;16670;11897;1;318;0;0
2022-01-01;84538;78373;16670;11897;1;318;0;0
2022-01-02;84538;78373;16670;11897;1;318;0;0
2022-01-03;84555;78518;17114;11906;9;318;9;0
2022-01-04;84555;78610;18111;11908;11;318;2;0
2022-01-05;84557;78705;18590;11911;13;318;3;0
2022-01-06;84557;78705;18590;11911;13;318;0;0
2022-01-07;84561;78893;19763;11923;24;318;12;0
2022-01-08;84561;78893;19763;11923;24;318;0;0
2022-01-09;84561;78893;19763;11923;24;318;0;0
2022-01-10;84561;78961;20177;11930;22;318;7;0
2022-01-11;84565;79146;21146;11962;51;318;32;0
2022-01-12;84567;79232;21757;11984;71;318;22;0
2022-01-13;84572;79331;22280;12014;100;318;30;0
2022-01-14;84575;79421;22632;12065;151;318;51;0
2022-01-15;84575;79421;22632;12065;151;318;0;0
2022-01-16;84575;79421;22632;12065;151;318;0;0
2022-01-17;84581;79509;23075;12139;209;318;74;0
2022-01-18;84584;79602;23671;12247;302;318;108;0
2022-01-19;84584;79687;24234;12363;400;318;116;0
2022-01-20;84591;79769;24713;12460;477;318;97;0
2022-01-21;84596;79834;25068;12591;597;318;131;0
2022-01-22;84596;79834;25068;12591;597;318;0;0
2022-01-23;84596;79834;25068;12591;597;318;0;0
2022-01-24;84597;79914;25412;12732;642;318;141;0
2022-01-25;84602;79985;25888;12887;721;318;79;0
2022-01-26;84603;80011;26295;13127;886;320;165;2
2022-01-27;84605;80038;26591;13336;1032;322;209;2
2022-01-28;84609;80103;26934;13438;1067;323 ;35;1
2022-01-29;84611;80147;27298;13594;909;327;156;4
2022-01-30;84611;80147;27298;13594;909;327;156;4
2022-01-31;84611;80147;27298;13594;909;327;156;4
2022-02-01;84625;81189;27495;13885;999;329;291;2
2022-02-02;84631;80247;27826;14067;1006;329;182;0
2022-02-03;84639;80289;28144;14180;981;331;113;2
2022-02-04;84645;80323;28400;14357;1012;332;177;1
2022-02-05;84645;80323;28400;14357;1012;332;177;1
2022-02-06;84645;80323;28400;14357;1012;332;177;1
2022-02-07;84663;80404;28977;14499;706;334;142;2
2022-02-08;84666;80438;29301;14625;654;337;126;3
2022-02-09;84666;80554;30107;14781;638;337;156;0
2022-02-10;84666;80570;30271;14842;589;339;61;2
2022-02-11;84666;80599;30490;14877;547;340;35;1
2022-02-12;84666;80599;30490;14877;547;340;0;0
2022-02-13;84666;80599;30490;14877;547;340;0;0
2022-02-14;84668;80619;30831;14954;324;343;77;3
2022-02-15;84668;80643;31268;15013;292;343;59;0
2022-02-16;84684;80676;31566;15060;258;345;47;2
2022-02-17;84691;80689;31857;15075;250;345;15;0
2022-02-18;84702;80704;32101;15092;206;346;17;1
2022-02-19;84702;80704;32101;15092;206;346;0;0
2022-02-20;84702;80704;32101;15092;206;346;0;0
2022-02-21;84712;80748;32344;15136;142;347;44;1
2022-02-22;84715;80768;32650;15157;125;347;21;0
2022-02-23;84715;80775;32960;15188;122;348;31;1
2022-02-24;84718;80786;33157;15199;116;348;11;0
2022-02-25;84723;80792;33340;15207;113;348;8;0
2022-02-26;84723;80792;33340;15207;113;348;0;0
2022-02-27;84723;80792;33340;15207;113;348;0;0
2022-02-28;84723;80792;33340;15207;113;348;0;0
2022-03-01;84723;80792;33340;15207;113;348;0;0
